VaccinationDate,age_group,first_dose,second_dose
12/20/2020,20-29,392,0
12/20/2020,80-89,93,0
12/20/2020,0-19,21,0
12/20/2020,60-69,1516,0
12/20/2020,50-59,1786,0
12/20/2020,40-49,1867,0
12/20/2020,30-39,1197,0
12/20/2020,90+,7,0
12/20/2020,70-79,493,0
12/21/2020,0-19,67,0
12/21/2020,20-29,1064,0
12/21/2020,40-49,3784,0
12/21/2020,80-89,1164,0
12/21/2020,70-79,4886,0
12/21/2020,90+,167,0
12/21/2020,60-69,7283,0
12/21/2020,30-39,2779,0
12/21/2020,50-59,3690,0
12/22/2020,90+,456,0
12/22/2020,80-89,3498,0
12/22/2020,50-59,4663,0
12/22/2020,20-29,1575,0
12/22/2020,0-19,102,0
12/22/2020,70-79,11763,0
12/22/2020,40-49,4530,0
12/22/2020,60-69,14430,0
12/22/2020,30-39,3589,0
12/23/2020,0-19,160,0
12/23/2020,20-29,2123,0
12/23/2020,90+,1027,0
12/23/2020,40-49,5033,0
12/23/2020,30-39,3847,0
12/23/2020,70-79,18009,0
12/23/2020,80-89,5674,0
12/23/2020,50-59,5334,0
12/23/2020,60-69,21607,0
12/24/2020,0-19,202,0
12/24/2020,30-39,3780,0
12/24/2020,70-79,21763,0
12/24/2020,40-49,5193,0
12/24/2020,80-89,7675,0
12/24/2020,60-69,25637,0
12/24/2020,90+,1349,0
12/24/2020,50-59,5658,0
12/24/2020,20-29,2069,0
12/25/2020,80-89,4533,0
12/25/2020,90+,764,0
12/25/2020,20-29,753,0
12/25/2020,0-19,126,0
12/25/2020,50-59,2967,0
12/25/2020,60-69,13403,0
12/25/2020,70-79,12283,0
12/25/2020,40-49,2240,0
12/25/2020,30-39,1372,0
12/26/2020,90+,691,0
12/26/2020,20-29,482,0
12/26/2020,30-39,970,0
12/26/2020,70-79,10606,0
12/26/2020,40-49,1678,0
12/26/2020,60-69,11901,0
12/26/2020,50-59,2404,0
12/26/2020,0-19,92,0
12/26/2020,80-89,3749,0
12/27/2020,50-59,10031,0
12/27/2020,30-39,6044,0
12/27/2020,60-69,32937,0
12/27/2020,40-49,8432,0
12/27/2020,90+,2388,0
12/27/2020,70-79,28543,0
12/27/2020,80-89,11875,0
12/27/2020,20-29,3579,0
12/27/2020,0-19,492,0
12/28/2020,40-49,13371,0
12/28/2020,60-69,40007,0
12/28/2020,90+,2611,0
12/28/2020,80-89,13680,0
12/28/2020,50-59,14781,0
12/28/2020,70-79,32873,0
12/28/2020,30-39,9509,0
12/28/2020,20-29,6669,0
12/28/2020,0-19,1263,0
12/29/2020,50-59,18545,0
12/29/2020,40-49,16186,0
12/29/2020,60-69,43974,0
12/29/2020,30-39,11478,0
12/29/2020,70-79,35896,0
12/29/2020,90+,4365,0
12/29/2020,80-89,16458,0
12/29/2020,0-19,1448,0
12/29/2020,20-29,7548,0
12/30/2020,50-59,21016,0
12/30/2020,0-19,1451,0
12/30/2020,80-89,15459,0
12/30/2020,70-79,32957,0
12/30/2020,90+,3897,0
12/30/2020,20-29,8211,0
12/30/2020,60-69,42042,0
12/30/2020,30-39,11584,0
12/30/2020,40-49,16076,0
12/31/2020,20-29,9660,0
12/31/2020,50-59,26920,0
12/31/2020,30-39,13719,0
12/31/2020,40-49,19267,0
12/31/2020,70-79,29631,0
12/31/2020,60-69,38838,0
12/31/2020,0-19,1805,0
12/31/2020,80-89,14530,0
12/31/2020,90+,3766,0
1/1/2021,60-69,17552,0
1/1/2021,40-49,9356,0
1/1/2021,80-89,6122,0
1/1/2021,0-19,821,0
1/1/2021,20-29,3322,0
1/1/2021,70-79,12480,0
1/1/2021,90+,1478,0
1/1/2021,50-59,14359,0
1/1/2021,30-39,5735,0
1/2/2021,80-89,5430,0
1/2/2021,0-19,858,0
1/2/2021,50-59,18327,0
1/2/2021,20-29,3343,0
1/2/2021,90+,1629,0
1/2/2021,60-69,14323,0
1/2/2021,30-39,5568,0
1/2/2021,70-79,10361,0
1/2/2021,40-49,11770,0
1/3/2021,20-29,9785,0
1/3/2021,50-59,28657,0
1/3/2021,90+,2965,0
1/3/2021,80-89,12985,0
1/3/2021,0-19,2143,0
1/3/2021,70-79,25684,0
1/3/2021,30-39,12609,0
1/3/2021,60-69,35335,0
1/3/2021,40-49,19232,0
1/4/2021,30-39,14083,0
1/4/2021,70-79,23438,0
1/4/2021,80-89,12094,0
1/4/2021,20-29,11295,0
1/4/2021,0-19,2267,0
1/4/2021,60-69,32208,0
1/4/2021,50-59,30943,0
1/4/2021,90+,2664,0
1/4/2021,40-49,22839,0
1/5/2021,20-29,8658,0
1/5/2021,80-89,10418,0
1/5/2021,0-19,1829,0
1/5/2021,30-39,11032,0
1/5/2021,70-79,20575,0
1/5/2021,40-49,17356,0
1/5/2021,90+,2288,0
1/5/2021,60-69,28951,0
1/5/2021,50-59,23741,0
1/6/2021,90+,2115,0
1/6/2021,40-49,13708,0
1/6/2021,60-69,24556,0
1/6/2021,80-89,8823,0
1/6/2021,20-29,7909,0
1/6/2021,0-19,1682,0
1/6/2021,70-79,16445,0
1/6/2021,30-39,9070,0
1/6/2021,50-59,18762,0
1/7/2021,60-69,23634,0
1/7/2021,30-39,11911,0
1/7/2021,70-79,15374,0
1/7/2021,40-49,19114,0
1/7/2021,90+,1759,0
1/7/2021,20-29,8775,0
1/7/2021,80-89,7966,0
1/7/2021,0-19,1956,0
1/7/2021,50-59,25333,0
1/8/2021,90+,618,0
1/8/2021,70-79,5793,0
1/8/2021,50-59,14572,0
1/8/2021,40-49,16215,0
1/8/2021,30-39,8972,0
1/8/2021,0-19,1915,0
1/8/2021,80-89,2796,0
1/8/2021,20-29,5745,0
1/8/2021,60-69,9668,0
1/9/2021,80-89,1551,0
1/9/2021,90+,331,0
1/9/2021,30-39,6893,0
1/9/2021,70-79,3234,0
1/9/2021,60-69,5417,0
1/9/2021,40-49,12806,0
1/9/2021,50-59,9759,0
1/9/2021,20-29,3446,0
1/9/2021,0-19,1018,0
1/10/2021,40-49,9154,1575
1/10/2021,70-79,3439,337
1/10/2021,60-69,5580,1207
1/10/2021,30-39,5815,969
1/10/2021,90+,361,7
1/10/2021,20-29,3254,299
1/10/2021,80-89,1753,44
1/10/2021,0-19,736,15
1/10/2021,50-59,7445,1537
1/11/2021,50-59,5089,3010
1/11/2021,60-69,2505,5580
1/11/2021,40-49,5253,2972
1/11/2021,30-39,3337,2158
1/11/2021,70-79,1678,3650
1/11/2021,90+,203,129
1/11/2021,20-29,1772,819
1/11/2021,80-89,866,868
1/11/2021,0-19,310,51
1/12/2021,50-59,7792,3959
1/12/2021,20-29,2419,1303
1/12/2021,60-69,3136,11293
1/12/2021,40-49,4481,3950
1/12/2021,90+,181,353
1/12/2021,30-39,2924,3037
1/12/2021,70-79,1759,8940
1/12/2021,80-89,862,2718
1/12/2021,0-19,351,77
1/13/2021,70-79,3140,16242
1/13/2021,30-39,5153,3616
1/13/2021,40-49,8023,4820
1/13/2021,50-59,23383,5050
1/13/2021,20-29,3814,1900
1/13/2021,0-19,694,137
1/13/2021,60-69,5990,19132
1/13/2021,80-89,1481,4971
1/13/2021,90+,240,929
1/14/2021,0-19,1047,166
1/14/2021,80-89,1088,6905
1/14/2021,50-59,23364,5450
1/14/2021,60-69,5102,23972
1/14/2021,40-49,10348,5138
1/14/2021,90+,202,1188
1/14/2021,30-39,7237,3749
1/14/2021,70-79,2388,20241
1/14/2021,20-29,5525,1945
1/15/2021,0-19,694,118
1/15/2021,20-29,3188,724
1/15/2021,80-89,546,4171
1/15/2021,50-59,11820,2695
1/15/2021,90+,112,691
1/15/2021,70-79,1179,11488
1/15/2021,40-49,5925,1995
1/15/2021,30-39,4736,1295
1/15/2021,60-69,2415,12699
1/16/2021,20-29,2095,330
1/16/2021,0-19,542,65
1/16/2021,50-59,12240,1784
1/16/2021,40-49,8264,1277
1/16/2021,30-39,3370,696
1/16/2021,70-79,746,8639
1/16/2021,60-69,1678,9600
1/16/2021,90+,76,578
1/16/2021,80-89,356,3008
1/17/2021,0-19,2687,312
1/17/2021,80-89,1054,9661
1/17/2021,20-29,10384,2567
1/17/2021,70-79,2259,24627
1/17/2021,30-39,6814,4560
1/17/2021,90+,190,1783
1/17/2021,60-69,4483,27155
1/17/2021,40-49,18393,6351
1/17/2021,50-59,21990,7393
1/18/2021,20-29,15011,4758
1/18/2021,80-89,878,12571
1/18/2021,30-39,7316,8119
1/18/2021,60-69,3942,36391
1/18/2021,90+,146,2542
1/18/2021,40-49,20606,11464
1/18/2021,0-19,3836,733
1/18/2021,50-59,15882,12806
1/18/2021,70-79,1909,30791
1/19/2021,0-19,3125,1109
1/19/2021,80-89,857,15067
1/19/2021,90+,202,3848
1/19/2021,30-39,9106,9519
1/19/2021,40-49,25310,13599
1/19/2021,70-79,1939,32854
1/19/2021,60-69,3891,39356
1/19/2021,20-29,13983,6687
1/19/2021,50-59,14162,15443
1/20/2021,90+,139,3383
1/20/2021,70-79,1793,32202
1/20/2021,30-39,12657,10702
1/20/2021,0-19,2921,1334
1/20/2021,20-29,12010,7869
1/20/2021,80-89,811,14385
1/20/2021,50-59,12872,18660
1/20/2021,60-69,3635,40097
1/20/2021,40-49,29691,14740
1/21/2021,20-29,9538,9662
1/21/2021,60-69,3840,41914
1/21/2021,90+,213,4015
1/21/2021,30-39,13638,13405
1/21/2021,70-79,2032,32942
1/21/2021,40-49,26005,18805
1/21/2021,50-59,11063,25706
1/21/2021,0-19,2270,1741
1/21/2021,80-89,980,15738
1/22/2021,30-39,8112,5489
1/22/2021,40-49,15348,8621
1/22/2021,70-79,915,13710
1/22/2021,60-69,2067,18518
1/22/2021,80-89,492,6329
1/22/2021,90+,113,1505
1/22/2021,0-19,1216,723
1/22/2021,50-59,5592,12960
1/22/2021,20-29,3857,3060
1/23/2021,90+,106,1494
1/23/2021,70-79,801,9404
1/23/2021,60-69,1570,12436
1/23/2021,50-59,5953,11294
1/23/2021,40-49,14563,7498
1/23/2021,80-89,385,4946
1/23/2021,0-19,6650,483
1/23/2021,20-29,3472,2153
1/23/2021,30-39,6346,3755
1/24/2021,50-59,8478,26991
1/24/2021,60-69,3631,33267
1/24/2021,90+,223,2991
1/24/2021,70-79,1952,24549
1/24/2021,40-49,19943,17922
1/24/2021,30-39,10548,11631
1/24/2021,20-29,11021,8654
1/24/2021,80-89,999,12564
1/24/2021,0-19,12139,1763
1/25/2021,70-79,2065,22790
1/25/2021,30-39,13353,12280
1/25/2021,90+,251,2573
1/25/2021,0-19,14688,1864
1/25/2021,50-59,9562,28204
1/25/2021,20-29,15474,9248
1/25/2021,80-89,1003,11806
1/25/2021,60-69,3859,30378
1/25/2021,40-49,20479,20023
1/26/2021,20-29,15529,8312
1/26/2021,0-19,14410,1764
1/26/2021,80-89,925,10407
1/26/2021,50-59,8395,25194
1/26/2021,30-39,14160,11206
1/26/2021,60-69,3482,28367
1/26/2021,40-49,19407,18178
1/26/2021,70-79,1936,20395
1/26/2021,90+,236,2237
1/27/2021,60-69,3205,28300
1/27/2021,20-29,14328,10217
1/27/2021,80-89,841,10042
1/27/2021,0-19,15695,2089
1/27/2021,30-39,13623,11114
1/27/2021,50-59,8419,23735
1/27/2021,90+,229,2275
1/27/2021,70-79,1720,19454
1/27/2021,40-49,19630,17490
1/28/2021,20-29,15962,9887
1/28/2021,0-19,13343,2125
1/28/2021,70-79,1502,18135
1/28/2021,50-59,7589,27689
1/28/2021,80-89,664,8927
1/28/2021,30-39,20221,13008
1/28/2021,90+,173,1927
1/28/2021,40-49,16977,20909
1/28/2021,60-69,2978,27684
1/29/2021,0-19,5617,1583
1/29/2021,80-89,255,3156
1/29/2021,50-59,3473,14231
1/29/2021,20-29,5966,4932
1/29/2021,90+,42,625
1/29/2021,60-69,1235,11233
1/29/2021,30-39,10676,7767
1/29/2021,70-79,524,6919
1/29/2021,40-49,8734,14164
1/30/2021,20-29,5144,3120
1/30/2021,0-19,4971,904
1/30/2021,80-89,173,1809
1/30/2021,90+,30,391
1/30/2021,30-39,10582,5798
1/30/2021,70-79,453,3809
1/30/2021,50-59,3136,9662
1/30/2021,40-49,8807,10604
1/30/2021,60-69,990,6565
1/31/2021,0-19,9520,1045
1/31/2021,30-39,21643,7517
1/31/2021,70-79,1550,6958
1/31/2021,80-89,681,3533
1/31/2021,60-69,2952,10816
1/31/2021,90+,168,741
1/31/2021,40-49,16118,12472
1/31/2021,20-29,13319,4346
1/31/2021,50-59,7227,11913
2/1/2021,80-89,844,1662
2/1/2021,60-69,3052,5098
2/1/2021,90+,229,378
2/1/2021,50-59,7581,7752
2/1/2021,20-29,19509,3014
2/1/2021,0-19,10298,579
2/1/2021,70-79,1726,3391
2/1/2021,30-39,24188,5013
2/1/2021,40-49,14844,8321
2/2/2021,90+,243,292
2/2/2021,20-29,15748,2447
2/2/2021,30-39,19960,3933
2/2/2021,70-79,1678,2645
2/2/2021,50-59,6553,8847
2/2/2021,60-69,2888,4603
2/2/2021,40-49,13302,6345
2/2/2021,80-89,892,1397
2/2/2021,0-19,8599,438
2/3/2021,50-59,5763,21539
2/3/2021,60-69,2608,6484
2/3/2021,30-39,17056,5177
2/3/2021,70-79,1562,3462
2/3/2021,40-49,10625,8101
2/3/2021,90+,236,308
2/3/2021,20-29,14696,3918
2/3/2021,80-89,863,1626
2/3/2021,0-19,6663,654
2/4/2021,70-79,1183,2766
2/4/2021,50-59,5252,22720
2/4/2021,60-69,2294,5572
2/4/2021,40-49,10497,10346
2/4/2021,30-39,23200,7359
2/4/2021,90+,141,239
2/4/2021,80-89,641,1276
2/4/2021,20-29,22638,6208
2/4/2021,0-19,6540,1433
2/5/2021,60-69,1077,2572
2/5/2021,50-59,2694,11420
2/5/2021,40-49,5208,5514
2/5/2021,80-89,241,573
2/5/2021,0-19,2745,524
2/5/2021,90+,77,113
2/5/2021,20-29,9914,2542
2/5/2021,30-39,11284,4153
2/5/2021,70-79,537,1245
2/6/2021,0-19,1940,341
2/6/2021,50-59,1626,10041
2/6/2021,40-49,3073,5491
2/6/2021,80-89,139,264
2/6/2021,60-69,558,1429
2/6/2021,90+,34,56
2/6/2021,70-79,262,632
2/6/2021,30-39,6929,2374
2/6/2021,20-29,6972,1512
2/7/2021,50-59,4362,23159
2/7/2021,20-29,16756,9219
2/7/2021,0-19,4634,1827
2/7/2021,30-39,16482,7383
2/7/2021,70-79,1121,2448
2/7/2021,40-49,7765,18375
2/7/2021,60-69,2089,4731
2/7/2021,80-89,562,1177
2/7/2021,90+,167,226
2/8/2021,50-59,4478,16462
2/8/2021,0-19,4299,2584
2/8/2021,80-89,568,923
2/8/2021,20-29,19914,12127
2/8/2021,60-69,2103,4026
2/8/2021,40-49,7825,19960
2/8/2021,90+,135,163
2/8/2021,70-79,1112,2007
2/8/2021,30-39,18047,6950
2/9/2021,0-19,5139,2696
2/9/2021,80-89,628,843
2/9/2021,70-79,1244,1938
2/9/2021,90+,205,187
2/9/2021,20-29,22764,12051
2/9/2021,60-69,2557,3807
2/9/2021,40-49,9093,23256
2/9/2021,30-39,19071,8317
2/9/2021,50-59,5419,14182
2/10/2021,0-19,5392,2340
2/10/2021,90+,153,134
2/10/2021,80-89,571,822
2/10/2021,20-29,24075,10753
2/10/2021,50-59,5744,13131
2/10/2021,30-39,20594,11466
2/10/2021,60-69,2697,3690
2/10/2021,40-49,9817,27789
2/10/2021,70-79,1293,1820
2/11/2021,30-39,23143,13569
2/11/2021,80-89,636,1003
2/11/2021,20-29,27363,10387
2/11/2021,0-19,6386,2269
2/11/2021,90+,137,200
2/11/2021,40-49,11878,26450
2/11/2021,50-59,6821,11645
2/11/2021,70-79,1400,2093
2/11/2021,60-69,3128,3917
2/12/2021,20-29,12967,3842
2/12/2021,90+,61,101
2/12/2021,30-39,11134,7795
2/12/2021,40-49,5887,15124
2/12/2021,70-79,598,937
2/12/2021,80-89,285,473
2/12/2021,0-19,3080,1156
2/12/2021,60-69,1458,2098
2/12/2021,50-59,3467,5883
2/13/2021,80-89,170,278
2/13/2021,90+,26,72
2/13/2021,60-69,1019,1302
2/13/2021,30-39,7330,4637
2/13/2021,70-79,377,619
2/13/2021,40-49,4287,11650
2/13/2021,50-59,2593,5377
2/13/2021,20-29,9115,2365
2/13/2021,0-19,2471,4046
2/14/2021,60-69,3532,3667
2/14/2021,30-39,19897,11289
2/14/2021,70-79,1657,2002
2/14/2021,40-49,11640,21900
2/14/2021,90+,149,214
2/14/2021,80-89,715,952
2/14/2021,20-29,23299,9991
2/14/2021,0-19,6876,9896
2/14/2021,50-59,6964,8959
2/15/2021,40-49,12775,20487
2/15/2021,30-39,21516,12489
2/15/2021,70-79,1748,2117
2/15/2021,90+,207,283
2/15/2021,50-59,7852,9515
2/15/2021,80-89,812,1038
2/15/2021,0-19,7487,12365
2/15/2021,20-29,25069,13177
2/15/2021,60-69,3853,4017
2/16/2021,90+,167,239
2/16/2021,80-89,769,963
2/16/2021,70-79,1813,1939
2/16/2021,40-49,12698,18988
2/16/2021,60-69,3833,3505
2/16/2021,50-59,7606,8467
2/16/2021,30-39,21424,13712
2/16/2021,0-19,8488,14360
2/16/2021,20-29,26521,15864
2/17/2021,60-69,2384,2999
2/17/2021,40-49,9750,18276
2/17/2021,70-79,959,1593
2/17/2021,30-39,15884,12832
2/17/2021,90+,86,160
2/17/2021,80-89,371,708
2/17/2021,20-29,20629,15842
2/17/2021,0-19,6344,14979
2/17/2021,50-59,5389,7948
2/18/2021,90+,69,146
2/18/2021,50-59,6344,7947
2/18/2021,60-69,2866,3058
2/18/2021,30-39,17959,18768
2/18/2021,70-79,1048,1492
2/18/2021,40-49,11158,17725
2/18/2021,20-29,21855,15656
2/18/2021,80-89,386,640
2/18/2021,0-19,7290,14062
2/19/2021,50-59,3539,3692
2/19/2021,20-29,12678,6214
2/19/2021,90+,25,54
2/19/2021,60-69,1483,1330
2/19/2021,40-49,6390,9325
2/19/2021,70-79,475,592
2/19/2021,30-39,10568,10358
2/19/2021,80-89,184,259
2/19/2021,0-19,4217,6168
2/20/2021,70-79,435,393
2/20/2021,40-49,5222,7709
2/20/2021,30-39,7629,8138
2/20/2021,50-59,2939,2881
2/20/2021,0-19,3900,4451
2/20/2021,20-29,10139,4042
2/20/2021,60-69,1132,862
2/20/2021,80-89,160,145
2/20/2021,90+,28,21
2/21/2021,0-19,8545,10050
2/21/2021,80-89,767,825
2/21/2021,50-59,7312,7625
2/21/2021,40-49,12462,17576
2/21/2021,60-69,3804,3242
2/21/2021,70-79,1833,1730
2/21/2021,90+,175,212
2/21/2021,30-39,20577,22698
2/21/2021,20-29,23838,14386
2/22/2021,50-59,7698,7636
2/22/2021,0-19,8641,9506
2/22/2021,20-29,25438,18459
2/22/2021,80-89,880,875
2/22/2021,90+,207,245
2/22/2021,30-39,22714,23511
2/22/2021,70-79,2120,1758
2/22/2021,40-49,13002,15147
2/22/2021,60-69,4174,3215
2/23/2021,20-29,23924,16242
2/23/2021,0-19,8435,9105
2/23/2021,50-59,6990,6587
2/23/2021,40-49,11648,13032
2/23/2021,30-39,19661,19605
2/23/2021,70-79,1853,1680
2/23/2021,60-69,3682,2869
2/23/2021,90+,156,226
2/23/2021,80-89,844,882
2/24/2021,80-89,709,815
2/24/2021,0-19,6829,7775
2/24/2021,20-29,18746,15869
2/24/2021,70-79,1563,1567
2/24/2021,30-39,15147,17190
2/24/2021,90+,156,195
2/24/2021,60-69,2946,2688
2/24/2021,40-49,9278,10909
2/24/2021,50-59,5501,5862
2/25/2021,20-29,15241,18307
2/25/2021,80-89,615,648
2/25/2021,40-49,8277,10264
2/25/2021,70-79,1228,1231
2/25/2021,30-39,12891,20686
2/25/2021,60-69,2643,2296
2/25/2021,0-19,5388,5601
2/25/2021,50-59,5082,5348
2/25/2021,90+,141,160
2/26/2021,0-19,2642,2719
2/26/2021,80-89,289,240
2/26/2021,90+,51,67
2/26/2021,70-79,521,530
2/26/2021,30-39,6691,10534
2/26/2021,40-49,4279,5322
2/26/2021,60-69,1185,1075
2/26/2021,20-29,7505,8675
2/26/2021,50-59,2590,2725
2/27/2021,90+,17,34
2/27/2021,30-39,4159,6897
2/27/2021,70-79,344,265
2/27/2021,20-29,5737,6522
2/27/2021,0-19,2526,1959
2/27/2021,80-89,143,123
2/27/2021,50-59,1725,1606
2/27/2021,60-69,739,559
2/27/2021,40-49,2866,3162
2/28/2021,20-29,11355,16598
2/28/2021,30-39,9879,17073
2/28/2021,70-79,1110,1134
2/28/2021,90+,94,171
2/28/2021,40-49,6387,8613
2/28/2021,60-69,2147,2075
2/28/2021,50-59,3825,4523
2/28/2021,0-19,4827,4932
2/28/2021,80-89,541,592
3/1/2021,70-79,1329,1155
3/1/2021,30-39,11120,18933
3/1/2021,40-49,7133,8168
3/1/2021,60-69,2600,2175
3/1/2021,80-89,618,615
3/1/2021,90+,129,143
3/1/2021,20-29,13024,20631
3/1/2021,0-19,5063,4920
3/1/2021,50-59,4493,4525
3/2/2021,90+,121,222
3/2/2021,60-69,2798,2418
3/2/2021,70-79,1431,1191
3/2/2021,50-59,4363,5112
3/2/2021,40-49,6476,9015
3/2/2021,80-89,570,645
3/2/2021,0-19,4273,4846
3/2/2021,20-29,11464,22026
3/2/2021,30-39,9486,19046
3/3/2021,60-69,2825,2652
3/3/2021,50-59,4430,5535
3/3/2021,40-49,6516,9143
3/3/2021,70-79,1537,1299
3/3/2021,90+,131,183
3/3/2021,30-39,9284,19295
3/3/2021,20-29,11575,22759
3/3/2021,0-19,4844,5077
3/3/2021,80-89,631,615
3/4/2021,30-39,9019,22765
3/4/2021,70-79,1215,1401
3/4/2021,0-19,4448,6133
3/4/2021,20-29,10896,26472
3/4/2021,50-59,4345,6694
3/4/2021,80-89,514,634
3/4/2021,60-69,2537,3084
3/4/2021,40-49,6395,11523
3/4/2021,90+,106,141
3/5/2021,0-19,1760,3005
3/5/2021,80-89,202,266
3/5/2021,50-59,1974,3400
3/5/2021,30-39,4023,11733
3/5/2021,40-49,2946,6175
3/5/2021,60-69,1019,1461
3/5/2021,70-79,484,619
3/5/2021,20-29,4718,13599
3/5/2021,90+,40,64
3/6/2021,60-69,584,933
3/6/2021,20-29,3226,8312
3/6/2021,0-19,1439,2099
3/6/2021,80-89,73,153
3/6/2021,30-39,2135,6992
3/6/2021,50-59,1162,2464
3/6/2021,40-49,1685,3950
3/6/2021,70-79,243,347
3/6/2021,90+,19,28
3/7/2021,20-29,8755,23049
3/7/2021,0-19,3869,6521
3/7/2021,50-59,3127,6540
3/7/2021,70-79,1075,1598
3/7/2021,80-89,530,682
3/7/2021,90+,135,132
3/7/2021,30-39,6703,19757
3/7/2021,60-69,2009,3328
3/7/2021,40-49,4759,11072
3/8/2021,0-19,3342,6371
3/8/2021,20-29,8073,22524
3/8/2021,50-59,2745,7063
3/8/2021,80-89,421,771
3/8/2021,90+,106,208
3/8/2021,60-69,1628,3558
3/8/2021,30-39,5951,19509
3/8/2021,40-49,4008,11430
3/8/2021,70-79,888,1644
3/9/2021,20-29,7699,24073
3/9/2021,70-79,800,1711
3/9/2021,90+,87,164
3/9/2021,30-39,5831,19865
3/9/2021,80-89,425,761
3/9/2021,0-19,3331,7464
3/9/2021,60-69,1684,3564
3/9/2021,40-49,3996,11788
3/9/2021,50-59,2647,7087
3/10/2021,0-19,3452,5987
3/10/2021,80-89,337,421
3/10/2021,90+,87,94
3/10/2021,40-49,3448,9007
3/10/2021,30-39,4913,14944
3/10/2021,60-69,1276,2369
3/10/2021,70-79,707,1022
3/10/2021,50-59,2162,5098
3/10/2021,20-29,6707,19563
3/11/2021,60-69,1307,2870
3/11/2021,90+,74,62
3/11/2021,80-89,316,400
3/11/2021,20-29,6693,21648
3/11/2021,0-19,3082,6896
3/11/2021,50-59,2191,6324
3/11/2021,30-39,5229,18374
3/11/2021,40-49,3575,11246
3/11/2021,70-79,590,1063
3/12/2021,20-29,3399,13131
3/12/2021,90+,26,20
3/12/2021,70-79,263,472
3/12/2021,30-39,2540,11296
3/12/2021,50-59,1022,3829
3/12/2021,60-69,553,1509
3/12/2021,40-49,1758,6802
3/12/2021,0-19,1424,4054
3/12/2021,80-89,111,182
3/13/2021,50-59,715,2352
3/13/2021,60-69,326,927
3/13/2021,30-39,1676,6100
3/13/2021,90+,7,26
3/13/2021,70-79,138,336
3/13/2021,40-49,1273,4104
3/13/2021,80-89,52,147
3/13/2021,20-29,2543,8192
3/13/2021,0-19,1119,2997
3/14/2021,70-79,573,1685
3/14/2021,50-59,1919,6776
3/14/2021,30-39,4561,19707
3/14/2021,40-49,2978,11741
3/14/2021,90+,66,143
3/14/2021,60-69,1173,3498
3/14/2021,80-89,288,692
3/14/2021,20-29,6301,22230
3/14/2021,0-19,2971,7354
3/15/2021,60-69,1047,3799
3/15/2021,40-49,2960,12037
3/15/2021,50-59,1830,7084
3/15/2021,80-89,261,833
3/15/2021,0-19,2597,8034
3/15/2021,90+,57,200
3/15/2021,20-29,6131,23711
3/15/2021,30-39,4514,20389
3/15/2021,70-79,506,1962
3/16/2021,0-19,2557,7963
3/16/2021,50-59,1643,6383
3/16/2021,20-29,5662,22196
3/16/2021,80-89,257,759
3/16/2021,40-49,2779,10678
3/16/2021,70-79,519,1697
3/16/2021,90+,76,141
3/16/2021,30-39,4039,18146
3/16/2021,60-69,999,3391
3/17/2021,20-29,5219,17861
3/17/2021,50-59,1659,5519
3/17/2021,0-19,2334,6288
3/17/2021,70-79,458,1565
3/17/2021,60-69,979,2896
3/17/2021,40-49,2631,8968
3/17/2021,30-39,3948,14882
3/17/2021,80-89,228,698
3/17/2021,90+,46,155
3/18/2021,50-59,1537,5544
3/18/2021,80-89,231,641
3/18/2021,0-19,2035,5998
3/18/2021,20-29,4604,17166
3/18/2021,60-69,914,2833
3/18/2021,40-49,2418,9350
3/18/2021,70-79,427,1284
3/18/2021,30-39,3594,15015
3/18/2021,90+,66,131
3/19/2021,80-89,73,283
3/19/2021,0-19,807,2683
3/19/2021,20-29,1930,8369
3/19/2021,70-79,133,534
3/19/2021,90+,7,40
3/19/2021,30-39,1718,7518
3/19/2021,40-49,1108,4534
3/19/2021,60-69,312,1211
3/19/2021,50-59,660,2696
3/20/2021,0-19,716,2066
3/20/2021,90+,7,7
3/20/2021,80-89,47,103
3/20/2021,20-29,1764,4891
3/20/2021,50-59,460,1429
3/20/2021,60-69,225,604
3/20/2021,70-79,98,297
3/20/2021,30-39,1034,3374
3/20/2021,40-49,764,2448
3/21/2021,20-29,3990,11764
3/21/2021,0-19,1749,4538
3/21/2021,80-89,178,556
3/21/2021,90+,47,101
3/21/2021,60-69,740,2113
3/21/2021,30-39,2933,10308
3/21/2021,40-49,1831,6237
3/21/2021,50-59,1187,3713
3/21/2021,70-79,374,1034
3/22/2021,90+,69,125
3/22/2021,20-29,4185,11994
3/22/2021,70-79,409,1045
3/22/2021,30-39,3028,10238
3/22/2021,40-49,1896,6203
3/22/2021,0-19,1681,4589
3/22/2021,80-89,159,551
3/22/2021,60-69,730,1978
3/22/2021,50-59,1197,3647
3/23/2021,80-89,26,89
3/23/2021,40-49,381,1178
3/23/2021,90+,7,18
3/23/2021,60-69,175,290
3/23/2021,30-39,557,1752
3/23/2021,70-79,54,172
3/23/2021,50-59,272,643
3/23/2021,0-19,310,823
3/23/2021,20-29,820,2189
3/24/2021,70-79,301,1244
3/24/2021,60-69,543,2324
3/24/2021,40-49,1627,6896
3/24/2021,30-39,2327,11357
3/24/2021,90+,43,140
3/24/2021,80-89,179,662
3/24/2021,20-29,3495,14372
3/24/2021,0-19,1367,5289
3/24/2021,50-59,905,4065
3/25/2021,70-79,269,764
3/25/2021,40-49,1484,5407
3/25/2021,90+,45,96
3/25/2021,30-39,2263,8606
3/25/2021,60-69,544,1567
3/25/2021,50-59,932,3164
3/25/2021,20-29,3102,10921
3/25/2021,0-19,1247,4308
3/25/2021,80-89,149,412
3/26/2021,30-39,986,3271
3/26/2021,50-59,389,1159
3/26/2021,80-89,43,140
3/26/2021,70-79,91,250
3/26/2021,60-69,222,535
3/26/2021,40-49,616,2127
3/26/2021,90+,18,31
3/26/2021,20-29,1191,4170
3/26/2021,0-19,449,1528
3/27/2021,40-49,236,646
3/27/2021,70-79,26,65
3/27/2021,30-39,387,870
3/27/2021,60-69,81,164
3/27/2021,20-29,585,1496
3/27/2021,0-19,253,542
3/27/2021,50-59,134,385
3/27/2021,80-89,7,27
3/27/2021,90+,7,7
3/28/2021,50-59,179,427
3/28/2021,60-69,68,187
3/28/2021,40-49,288,709
3/28/2021,70-79,36,90
3/28/2021,30-39,437,927
3/28/2021,90+,7,7
3/28/2021,20-29,727,1494
3/28/2021,80-89,7,28
3/28/2021,0-19,284,678
3/29/2021,50-59,714,2840
3/29/2021,80-89,128,432
3/29/2021,0-19,904,3637
3/29/2021,30-39,1413,7001
3/29/2021,70-79,229,812
3/29/2021,60-69,456,1542
3/29/2021,40-49,1017,4690
3/29/2021,90+,47,107
3/29/2021,20-29,1867,8795
3/30/2021,20-29,2231,6660
3/30/2021,0-19,1105,2825
3/30/2021,30-39,1587,5085
3/30/2021,40-49,1056,3339
3/30/2021,70-79,269,606
3/30/2021,50-59,718,2113
3/30/2021,90+,58,81
3/30/2021,80-89,157,368
3/30/2021,60-69,477,1154
3/31/2021,0-19,994,2310
3/31/2021,80-89,200,279
3/31/2021,70-79,298,531
3/31/2021,20-29,2290,5645
3/31/2021,30-39,1661,4684
3/31/2021,40-49,1172,2967
3/31/2021,60-69,484,990
3/31/2021,50-59,791,1769
3/31/2021,90+,58,74
4/1/2021,20-29,2282,5722
4/1/2021,80-89,165,234
4/1/2021,0-19,1104,2359
4/1/2021,50-59,784,1643
4/1/2021,60-69,485,872
4/1/2021,70-79,261,414
4/1/2021,40-49,1212,2745
4/1/2021,90+,48,63
4/1/2021,30-39,1603,4415
4/2/2021,20-29,820,2538
4/2/2021,0-19,320,901
4/2/2021,70-79,59,122
4/2/2021,60-69,128,313
4/2/2021,80-89,27,79
4/2/2021,90+,7,7
4/2/2021,50-59,305,640
4/2/2021,40-49,440,1286
4/2/2021,30-39,663,2072
4/3/2021,30-39,248,593
4/3/2021,70-79,31,53
4/3/2021,90+,7,7
4/3/2021,0-19,206,384
4/3/2021,80-89,7,16
4/3/2021,20-29,472,1073
4/3/2021,40-49,183,433
4/3/2021,50-59,132,222
4/3/2021,60-69,60,103
4/4/2021,60-69,559,1014
4/4/2021,70-79,316,497
4/4/2021,40-49,1366,3461
4/4/2021,30-39,2100,5428
4/4/2021,90+,58,68
4/4/2021,80-89,162,309
4/4/2021,20-29,2838,7111
4/4/2021,50-59,867,1842
4/4/2021,0-19,1273,2985
4/5/2021,70-79,362,465
4/5/2021,40-49,1409,2945
4/5/2021,30-39,2181,4800
4/5/2021,80-89,224,247
4/5/2021,60-69,580,894
4/5/2021,90+,70,77
4/5/2021,0-19,1487,3112
4/5/2021,50-59,929,1751
4/5/2021,20-29,2930,6789
4/6/2021,90+,66,71
4/6/2021,30-39,1920,3923
4/6/2021,70-79,368,400
4/6/2021,60-69,562,794
4/6/2021,40-49,1261,2470
4/6/2021,50-59,846,1387
4/6/2021,80-89,187,191
4/6/2021,20-29,2397,5129
4/6/2021,0-19,1164,2187
4/7/2021,60-69,586,658
4/7/2021,50-59,843,1282
4/7/2021,70-79,304,352
4/7/2021,90+,82,56
4/7/2021,40-49,1197,2308
4/7/2021,20-29,2489,4663
4/7/2021,30-39,1802,3450
4/7/2021,0-19,1194,2108
4/7/2021,80-89,176,213
4/8/2021,70-79,305,365
4/8/2021,30-39,2008,4188
4/8/2021,40-49,1378,2545
4/8/2021,60-69,575,792
4/8/2021,50-59,850,1430
4/8/2021,20-29,2561,5093
4/8/2021,0-19,1217,2084
4/8/2021,80-89,184,202
4/8/2021,90+,83,47
4/9/2021,50-59,328,498
4/9/2021,60-69,166,230
4/9/2021,30-39,886,1628
4/9/2021,70-79,73,96
4/9/2021,40-49,499,939
4/9/2021,90+,7,7
4/9/2021,20-29,930,1829
4/9/2021,80-89,38,67
4/9/2021,0-19,444,756
4/10/2021,50-59,140,294
4/10/2021,60-69,69,109
4/10/2021,0-19,191,490
4/10/2021,20-29,502,1195
4/10/2021,80-89,7,27
4/10/2021,70-79,39,56
4/10/2021,90+,7,7
4/10/2021,40-49,205,519
4/10/2021,30-39,334,736
4/11/2021,20-29,2554,4440
4/11/2021,50-59,770,1173
4/11/2021,0-19,1269,2008
4/11/2021,70-79,343,332
4/11/2021,30-39,1971,3263
4/11/2021,60-69,565,661
4/11/2021,90+,60,64
4/11/2021,40-49,1203,1979
4/11/2021,80-89,159,174
4/12/2021,50-59,851,1041
4/12/2021,80-89,210,159
4/12/2021,0-19,1339,1741
4/12/2021,20-29,2459,4226
4/12/2021,90+,78,63
4/12/2021,30-39,1734,3018
4/12/2021,40-49,1146,1800
4/12/2021,70-79,329,352
4/12/2021,60-69,555,623
4/13/2021,20-29,1517,1426
4/13/2021,0-19,650,561
4/13/2021,80-89,159,76
4/13/2021,60-69,339,238
4/13/2021,50-59,538,408
4/13/2021,90+,86,30
4/13/2021,30-39,1257,1228
4/13/2021,70-79,234,130
4/13/2021,40-49,817,683
4/14/2021,20-29,881,1466
4/14/2021,0-19,372,582
4/14/2021,60-69,222,278
4/14/2021,80-89,72,111
4/14/2021,30-39,809,1205
4/14/2021,90+,17,34
4/14/2021,40-49,529,793
4/14/2021,50-59,384,489
4/14/2021,70-79,140,150
4/15/2021,80-89,7,7
4/15/2021,90+,7,7
4/15/2021,0-19,41,50
4/15/2021,20-29,121,118
4/15/2021,50-59,73,50
4/15/2021,70-79,24,17
4/15/2021,40-49,59,67
4/15/2021,30-39,83,85
4/15/2021,60-69,42,21
4/16/2021,20-29,960,2019
4/16/2021,70-79,72,128
4/16/2021,90+,7,24
4/16/2021,80-89,45,82
4/16/2021,0-19,430,778
4/16/2021,30-39,734,1647
4/16/2021,40-49,464,1006
4/16/2021,50-59,294,484
4/16/2021,60-69,180,290
4/17/2021,90+,0,7
4/17/2021,40-49,101,270
4/17/2021,60-69,32,73
4/17/2021,70-79,19,22
4/17/2021,30-39,175,444
4/17/2021,20-29,263,683
4/17/2021,80-89,7,7
4/17/2021,0-19,80,268
4/17/2021,50-59,69,144
4/18/2021,80-89,93,90
4/18/2021,90+,31,26
4/18/2021,60-69,454,371
4/18/2021,30-39,1419,1707
4/18/2021,40-49,963,994
4/18/2021,70-79,229,207
4/18/2021,0-19,1081,975
4/18/2021,20-29,2062,2412
4/18/2021,50-59,632,569
4/19/2021,50-59,572,594
4/19/2021,40-49,843,912
4/19/2021,60-69,389,385
4/19/2021,20-29,1859,2211
4/19/2021,90+,32,55
4/19/2021,70-79,201,204
4/19/2021,30-39,1267,1573
4/19/2021,0-19,946,893
4/19/2021,80-89,95,141
4/20/2021,50-59,588,557
4/20/2021,90+,38,61
4/20/2021,70-79,206,206
4/20/2021,30-39,1349,1599
4/20/2021,60-69,356,409
4/20/2021,40-49,890,946
4/20/2021,0-19,816,818
4/20/2021,20-29,1703,1944
4/20/2021,80-89,97,145
4/21/2021,50-59,661,606
4/21/2021,40-49,866,1006
4/21/2021,30-39,1335,1533
4/21/2021,70-79,206,215
4/21/2021,80-89,121,163
4/21/2021,90+,48,54
4/21/2021,60-69,387,369
4/21/2021,20-29,1712,2084
4/21/2021,0-19,814,870
4/22/2021,60-69,392,407
4/22/2021,40-49,887,1064
4/22/2021,50-59,566,699
4/22/2021,0-19,750,944
4/22/2021,80-89,85,163
4/22/2021,20-29,1598,2193
4/22/2021,70-79,210,252
4/22/2021,30-39,1240,1684
4/22/2021,90+,7,61
4/23/2021,0-19,398,450
4/23/2021,50-59,267,317
4/23/2021,30-39,633,794
4/23/2021,90+,7,7
4/23/2021,70-79,50,48
4/23/2021,40-49,394,483
4/23/2021,60-69,117,132
4/23/2021,20-29,692,964
4/23/2021,80-89,27,35
4/24/2021,20-29,242,467
4/24/2021,50-59,56,93
4/24/2021,0-19,109,176
4/24/2021,80-89,7,7
4/24/2021,70-79,7,7
4/24/2021,40-49,103,175
4/24/2021,30-39,132,253
4/24/2021,60-69,22,30
4/24/2021,90+,0,7
4/25/2021,80-89,77,109
4/25/2021,0-19,610,892
4/25/2021,20-29,1392,2139
4/25/2021,50-59,432,546
4/25/2021,40-49,681,944
4/25/2021,60-69,300,378
4/25/2021,70-79,167,202
4/25/2021,90+,17,36
4/25/2021,30-39,1040,1579
4/26/2021,0-19,855,1161
4/26/2021,20-29,1613,2413
4/26/2021,70-79,163,249
4/26/2021,40-49,724,1065
4/26/2021,80-89,78,152
4/26/2021,90+,29,49
4/26/2021,30-39,1181,1629
4/26/2021,60-69,256,355
4/26/2021,50-59,432,651
4/27/2021,80-89,97,157
4/27/2021,90+,28,59
4/27/2021,20-29,1118,1770
4/27/2021,0-19,637,840
4/27/2021,50-59,450,582
4/27/2021,70-79,160,234
4/27/2021,30-39,968,1460
4/27/2021,60-69,263,392
4/27/2021,40-49,626,920
4/28/2021,0-19,641,1042
4/28/2021,20-29,1277,2162
4/28/2021,80-89,57,155
4/28/2021,90+,21,78
4/28/2021,30-39,940,1520
4/28/2021,60-69,241,400
4/28/2021,50-59,382,609
4/28/2021,40-49,612,912
4/28/2021,70-79,139,216
4/29/2021,90+,16,69
4/29/2021,70-79,140,243
4/29/2021,30-39,948,1635
4/29/2021,40-49,688,994
4/29/2021,20-29,1067,2051
4/29/2021,0-19,560,925
4/29/2021,80-89,79,152
4/29/2021,50-59,415,626
4/29/2021,60-69,278,389
4/30/2021,80-89,21,64
4/30/2021,40-49,317,432
4/30/2021,60-69,101,122
4/30/2021,90+,7,7
4/30/2021,50-59,178,256
4/30/2021,30-39,432,803
4/30/2021,70-79,25,71
4/30/2021,0-19,241,391
4/30/2021,20-29,412,852
5/1/2021,70-79,7,7
5/1/2021,30-39,89,197
5/1/2021,40-49,57,110
5/1/2021,60-69,7,33
5/1/2021,80-89,7,7
5/1/2021,20-29,148,309
5/1/2021,0-19,46,110
5/1/2021,50-59,22,44
5/2/2021,50-59,293,413
5/2/2021,40-49,414,780
5/2/2021,90+,7,31
5/2/2021,70-79,108,172
5/2/2021,30-39,703,1386
5/2/2021,20-29,903,1827
5/2/2021,80-89,49,94
5/2/2021,0-19,511,927
5/2/2021,60-69,164,321
5/3/2021,40-49,497,784
5/3/2021,80-89,51,112
5/3/2021,70-79,95,194
5/3/2021,60-69,204,329
5/3/2021,90+,15,49
5/3/2021,50-59,307,443
5/3/2021,30-39,778,1344
5/3/2021,20-29,928,1588
5/3/2021,0-19,524,787
5/4/2021,70-79,132,170
5/4/2021,60-69,205,238
5/4/2021,40-49,478,667
5/4/2021,30-39,752,1038
5/4/2021,90+,18,55
5/4/2021,80-89,65,129
5/4/2021,20-29,970,1250
5/4/2021,0-19,436,604
5/4/2021,50-59,326,377
5/5/2021,50-59,257,349
5/5/2021,60-69,166,183
5/5/2021,40-49,482,518
5/5/2021,20-29,792,1091
5/5/2021,90+,15,36
5/5/2021,30-39,760,902
5/5/2021,70-79,83,136
5/5/2021,0-19,495,543
5/5/2021,80-89,59,106
5/6/2021,50-59,367,240
5/6/2021,20-29,897,909
5/6/2021,80-89,42,53
5/6/2021,70-79,94,78
5/6/2021,90+,7,7
5/6/2021,60-69,175,147
5/6/2021,30-39,812,622
5/6/2021,40-49,486,382
5/6/2021,0-19,552,478
5/7/2021,30-39,429,534
5/7/2021,40-49,281,349
5/7/2021,70-79,40,41
5/7/2021,60-69,103,109
5/7/2021,50-59,174,204
5/7/2021,0-19,206,302
5/7/2021,20-29,415,691
5/7/2021,90+,7,7
5/7/2021,80-89,7,38
5/8/2021,0-19,25,46
5/8/2021,80-89,7,0
5/8/2021,50-59,7,32
5/8/2021,90+,0,7
5/8/2021,40-49,23,51
5/8/2021,60-69,7,7
5/8/2021,70-79,7,7
5/8/2021,20-29,62,174
5/8/2021,30-39,42,95
5/9/2021,80-89,38,86
5/9/2021,20-29,745,1399
5/9/2021,0-19,435,687
5/9/2021,50-59,275,359
5/9/2021,40-49,406,570
5/9/2021,30-39,626,1034
5/9/2021,60-69,132,290
5/9/2021,70-79,96,154
5/9/2021,90+,7,46
5/10/2021,20-29,703,1293
5/10/2021,0-19,398,694
5/10/2021,30-39,641,1010
5/10/2021,50-59,283,368
5/10/2021,90+,18,51
5/10/2021,80-89,39,102
5/10/2021,60-69,148,252
5/10/2021,40-49,435,594
5/10/2021,70-79,99,157
5/11/2021,20-29,679,1071
5/11/2021,80-89,51,67
5/11/2021,0-19,386,479
5/11/2021,50-59,220,333
5/11/2021,70-79,68,125
5/11/2021,90+,7,17
5/11/2021,30-39,552,843
5/11/2021,60-69,118,175
5/11/2021,40-49,326,529
5/12/2021,20-29,461,817
5/12/2021,60-69,127,179
5/12/2021,90+,21,29
5/12/2021,30-39,475,700
5/12/2021,40-49,282,448
5/12/2021,70-79,52,93
5/12/2021,80-89,26,70
5/12/2021,0-19,198,497
5/12/2021,50-59,174,260
5/13/2021,90+,7,7
5/13/2021,0-19,297,651
5/13/2021,40-49,266,493
5/13/2021,30-39,389,748
5/13/2021,70-79,52,128
5/13/2021,60-69,112,189
5/13/2021,80-89,24,72
5/13/2021,20-29,517,904
5/13/2021,50-59,151,276
5/14/2021,90+,7,7
5/14/2021,30-39,172,335
5/14/2021,50-59,83,123
5/14/2021,80-89,7,20
5/14/2021,0-19,133,226
5/14/2021,20-29,201,332
5/14/2021,40-49,104,199
5/14/2021,60-69,34,58
5/14/2021,70-79,26,35
5/15/2021,20-29,47,50
5/15/2021,30-39,29,29
5/15/2021,70-79,7,7
5/15/2021,40-49,23,23
5/15/2021,60-69,7,7
5/15/2021,50-59,7,42
5/15/2021,0-19,7,7
5/15/2021,80-89,7,7
5/16/2021,30-39,87,267
5/16/2021,70-79,7,27
5/16/2021,40-49,57,150
5/16/2021,60-69,25,53
5/16/2021,90+,0,7
5/16/2021,80-89,7,17
5/16/2021,0-19,61,165
5/16/2021,20-29,130,362
5/16/2021,50-59,43,90
5/17/2021,70-79,7,23
5/17/2021,40-49,33,107
5/17/2021,60-69,7,69
5/17/2021,30-39,37,136
5/17/2021,50-59,24,112
5/17/2021,20-29,56,232
5/17/2021,0-19,19,74
5/17/2021,80-89,0,7
5/18/2021,50-59,191,452
5/18/2021,60-69,112,320
5/18/2021,70-79,64,214
5/18/2021,90+,7,40
5/18/2021,30-39,399,1149
5/18/2021,40-49,256,665
5/18/2021,20-29,442,1224
5/18/2021,80-89,29,95
5/18/2021,0-19,309,639
5/19/2021,70-79,63,140
5/19/2021,30-39,424,1066
5/19/2021,50-59,171,454
5/19/2021,20-29,608,1444
5/19/2021,0-19,301,681
5/19/2021,90+,26,30
5/19/2021,60-69,127,327
5/19/2021,40-49,267,642
5/19/2021,80-89,43,90
5/20/2021,50-59,190,346
5/20/2021,20-29,583,1003
5/20/2021,40-49,281,514
5/20/2021,70-79,67,133
5/20/2021,60-69,118,211
5/20/2021,30-39,465,854
5/20/2021,80-89,21,81
5/20/2021,90+,7,27
5/20/2021,0-19,359,546
5/21/2021,60-69,51,67
5/21/2021,0-19,161,210
5/21/2021,80-89,7,20
5/21/2021,20-29,287,319
5/21/2021,50-59,93,95
5/21/2021,70-79,7,24
5/21/2021,90+,0,7
5/21/2021,30-39,259,317
5/21/2021,40-49,138,170
5/22/2021,20-29,51,109
5/22/2021,0-19,19,34
5/22/2021,50-59,16,27
5/22/2021,70-79,7,7
5/22/2021,60-69,7,7
5/22/2021,80-89,7,7
5/22/2021,30-39,28,90
5/22/2021,40-49,16,55
5/22/2021,90+,0,7
5/23/2021,20-29,612,880
5/23/2021,0-19,359,502
5/23/2021,50-59,236,257
5/23/2021,90+,7,7
5/23/2021,80-89,23,45
5/23/2021,70-79,52,101
5/23/2021,30-39,516,758
5/23/2021,40-49,287,418
5/23/2021,60-69,106,148
5/24/2021,70-79,53,110
5/24/2021,90+,7,16
5/24/2021,30-39,455,920
5/24/2021,20-29,514,878
5/24/2021,0-19,328,493
5/24/2021,80-89,26,63
5/24/2021,60-69,114,174
5/24/2021,50-59,224,302
5/24/2021,40-49,250,505
5/25/2021,20-29,399,612
5/25/2021,80-89,29,68
5/25/2021,0-19,230,349
5/25/2021,30-39,376,534
5/25/2021,70-79,61,96
5/25/2021,60-69,131,169
5/25/2021,40-49,261,352
5/25/2021,90+,7,24
5/25/2021,50-59,151,233
5/26/2021,80-89,24,51
5/26/2021,90+,7,7
5/26/2021,60-69,73,130
5/26/2021,20-29,336,603
5/26/2021,0-19,202,354
5/26/2021,70-79,52,88
5/26/2021,40-49,172,323
5/26/2021,30-39,244,576
5/26/2021,50-59,106,189
5/27/2021,90+,7,23
5/27/2021,30-39,365,603
5/27/2021,20-29,474,881
5/27/2021,70-79,48,89
5/27/2021,80-89,21,63
5/27/2021,60-69,73,144
5/27/2021,40-49,229,351
5/27/2021,50-59,155,220
5/27/2021,0-19,262,568
5/28/2021,50-59,76,156
5/28/2021,60-69,32,84
5/28/2021,70-79,7,36
5/28/2021,90+,7,7
5/28/2021,40-49,92,216
5/28/2021,30-39,137,335
5/28/2021,20-29,168,248
5/28/2021,80-89,7,7
5/28/2021,0-19,92,148
5/29/2021,30-39,23,33
5/29/2021,80-89,7,7
5/29/2021,90+,0,7
5/29/2021,60-69,7,7
5/29/2021,50-59,7,7
5/29/2021,40-49,24,20
5/29/2021,20-29,26,64
5/29/2021,0-19,7,25
5/30/2021,40-49,226,272
5/30/2021,60-69,93,101
5/30/2021,20-29,402,471
5/30/2021,70-79,57,78
5/30/2021,30-39,360,439
5/30/2021,90+,7,7
5/30/2021,50-59,157,156
5/30/2021,80-89,24,35
5/30/2021,0-19,225,282
5/31/2021,50-59,118,177
5/31/2021,60-69,85,117
5/31/2021,0-19,178,307
5/31/2021,40-49,192,263
5/31/2021,90+,7,7
5/31/2021,30-39,415,485
5/31/2021,70-79,42,60
5/31/2021,20-29,476,510
5/31/2021,80-89,7,18
6/1/2021,20-29,344,451
6/1/2021,50-59,133,137
6/1/2021,70-79,36,51
6/1/2021,30-39,221,392
6/1/2021,40-49,168,211
6/1/2021,60-69,56,94
6/1/2021,90+,7,7
6/1/2021,0-19,187,278
6/1/2021,80-89,26,38
6/2/2021,50-59,103,121
6/2/2021,60-69,69,77
6/2/2021,70-79,37,44
6/2/2021,40-49,174,187
6/2/2021,80-89,15,26
6/2/2021,0-19,195,229
6/2/2021,20-29,439,404
6/2/2021,30-39,255,326
6/2/2021,90+,7,7
6/3/2021,80-89,7,30
6/3/2021,60-69,66,86
6/3/2021,50-59,109,118
6/3/2021,40-49,157,174
6/3/2021,70-79,38,35
6/3/2021,0-19,489,209
6/3/2021,20-29,386,337
6/3/2021,90+,7,7
6/3/2021,30-39,243,295
6/4/2021,0-19,515,77
6/4/2021,20-29,95,116
6/4/2021,50-59,61,61
6/4/2021,80-89,7,7
6/4/2021,70-79,7,18
6/4/2021,90+,0,7
6/4/2021,30-39,121,147
6/4/2021,40-49,101,90
6/4/2021,60-69,18,28
6/5/2021,20-29,32,19
6/5/2021,0-19,22,7
6/5/2021,50-59,7,7
6/5/2021,40-49,7,7
6/5/2021,70-79,0,7
6/5/2021,60-69,7,7
6/5/2021,30-39,30,19
6/6/2021,80-89,7,7
6/6/2021,0-19,3260,201
6/6/2021,20-29,300,226
6/6/2021,70-79,41,30
6/6/2021,90+,7,7
6/6/2021,30-39,253,187
6/6/2021,40-49,131,93
6/6/2021,50-59,118,71
6/6/2021,60-69,60,44
6/7/2021,80-89,27,22
6/7/2021,40-49,184,94
6/7/2021,90+,7,7
6/7/2021,0-19,3026,84
6/7/2021,20-29,442,181
6/7/2021,50-59,108,66
6/7/2021,70-79,37,27
6/7/2021,60-69,66,36
6/7/2021,30-39,320,148
6/8/2021,80-89,7,7
6/8/2021,90+,7,7
6/8/2021,60-69,66,67
6/8/2021,70-79,21,28
6/8/2021,40-49,126,141
6/8/2021,30-39,250,241
6/8/2021,0-19,2727,161
6/8/2021,50-59,95,104
6/8/2021,20-29,251,257
6/9/2021,50-59,97,85
6/9/2021,40-49,156,123
6/9/2021,30-39,235,240
6/9/2021,70-79,47,48
6/9/2021,90+,7,7
6/9/2021,20-29,315,319
6/9/2021,0-19,2520,206
6/9/2021,80-89,16,28
6/9/2021,60-69,63,69
6/10/2021,80-89,15,18
6/10/2021,70-79,26,36
6/10/2021,40-49,158,144
6/10/2021,60-69,62,60
6/10/2021,90+,7,7
6/10/2021,50-59,97,92
6/10/2021,30-39,245,251
6/10/2021,20-29,340,305
6/10/2021,0-19,2237,210
6/11/2021,70-79,7,7
6/11/2021,40-49,61,64
6/11/2021,30-39,86,99
6/11/2021,60-69,7,7
6/11/2021,90+,7,7
6/11/2021,80-89,7,7
6/11/2021,20-29,94,109
6/11/2021,0-19,941,74
6/11/2021,50-59,38,32
6/12/2021,50-59,7,7
6/12/2021,60-69,7,7
6/12/2021,40-49,7,7
6/12/2021,0-19,57,16
6/12/2021,20-29,33,33
6/12/2021,30-39,26,18
6/12/2021,70-79,7,7
6/13/2021,50-59,101,112
6/13/2021,20-29,289,311
6/13/2021,40-49,167,147
6/13/2021,70-79,34,35
6/13/2021,80-89,7,7
6/13/2021,90+,7,7
6/13/2021,60-69,63,53
6/13/2021,30-39,246,275
6/13/2021,0-19,2119,221
6/14/2021,70-79,28,25
6/14/2021,40-49,183,175
6/14/2021,30-39,272,288
6/14/2021,0-19,1879,271
6/14/2021,20-29,328,353
6/14/2021,50-59,102,120
6/14/2021,60-69,70,92
6/14/2021,80-89,7,18
6/14/2021,90+,7,7
6/15/2021,80-89,15,23
6/15/2021,0-19,1943,191
6/15/2021,90+,7,7
6/15/2021,50-59,117,95
6/15/2021,60-69,78,72
6/15/2021,40-49,170,141
6/15/2021,20-29,332,301
6/15/2021,70-79,29,47
6/15/2021,30-39,257,304
6/16/2021,20-29,275,171
6/16/2021,80-89,7,29
6/16/2021,0-19,1685,150
6/16/2021,50-59,110,61
6/16/2021,40-49,159,127
6/16/2021,90+,7,15
6/16/2021,30-39,233,176
6/16/2021,70-79,28,46
6/16/2021,60-69,55,53
6/17/2021,20-29,352,255
6/17/2021,0-19,1521,174
6/17/2021,30-39,275,250
6/17/2021,50-59,93,88
6/17/2021,60-69,65,48
6/17/2021,70-79,25,37
6/17/2021,40-49,195,138
6/17/2021,90+,7,7
6/17/2021,80-89,16,7
6/18/2021,50-59,39,34
6/18/2021,0-19,712,45
6/18/2021,20-29,113,78
6/18/2021,80-89,7,7
6/18/2021,90+,7,0
6/18/2021,30-39,120,99
6/18/2021,70-79,7,7
6/18/2021,60-69,23,17
6/18/2021,40-49,59,48
6/19/2021,20-29,36,23
6/19/2021,70-79,7,7
6/19/2021,40-49,7,18
6/19/2021,30-39,19,15
6/19/2021,80-89,7,0
6/19/2021,0-19,58,7
6/19/2021,60-69,7,7
6/19/2021,50-59,7,7
6/20/2021,0-19,2136,182
6/20/2021,90+,7,7
6/20/2021,30-39,288,293
6/20/2021,70-79,34,42
6/20/2021,60-69,61,78
6/20/2021,40-49,191,196
6/20/2021,80-89,16,18
6/20/2021,20-29,351,266
6/20/2021,50-59,134,133
6/21/2021,90+,7,7
6/21/2021,20-29,598,254
6/21/2021,50-59,147,70
6/21/2021,0-19,3507,244
6/21/2021,80-89,7,7
6/21/2021,60-69,74,59
6/21/2021,70-79,34,52
6/21/2021,30-39,435,235
6/21/2021,40-49,223,125
6/22/2021,90+,7,7
6/22/2021,20-29,458,218
6/22/2021,30-39,363,213
6/22/2021,40-49,230,144
6/22/2021,70-79,47,30
6/22/2021,60-69,99,46
6/22/2021,50-59,166,95
6/22/2021,0-19,5321,140
6/22/2021,80-89,26,7
6/23/2021,30-39,474,221
6/23/2021,70-79,50,39
6/23/2021,90+,7,7
6/23/2021,60-69,124,66
6/23/2021,40-49,325,142
6/23/2021,80-89,36,21
6/23/2021,20-29,570,315
6/23/2021,0-19,8786,188
6/23/2021,50-59,203,101
6/24/2021,90+,7,7
6/24/2021,40-49,357,147
6/24/2021,50-59,268,101
6/24/2021,70-79,79,44
6/24/2021,60-69,117,69
6/24/2021,30-39,493,228
6/24/2021,0-19,9871,402
6/24/2021,20-29,619,290
6/24/2021,80-89,35,16
6/25/2021,50-59,136,45
6/25/2021,60-69,51,21
6/25/2021,30-39,275,106
6/25/2021,40-49,218,82
6/25/2021,70-79,18,7
6/25/2021,20-29,242,71
6/25/2021,0-19,5965,429
6/25/2021,80-89,7,7
6/26/2021,30-39,51,28
6/26/2021,50-59,34,7
6/26/2021,70-79,7,0
6/26/2021,0-19,1948,26
6/26/2021,20-29,75,28
6/26/2021,80-89,7,7
6/26/2021,60-69,7,7
6/26/2021,40-49,61,15
6/27/2021,20-29,804,283
6/27/2021,50-59,283,134
6/27/2021,40-49,427,167
6/27/2021,70-79,65,50
6/27/2021,60-69,164,65
6/27/2021,30-39,731,257
6/27/2021,80-89,35,18
6/27/2021,0-19,10988,2314
6/27/2021,90+,7,7
6/28/2021,60-69,171,69
6/28/2021,0-19,11735,2523
6/28/2021,80-89,39,22
6/28/2021,20-29,871,303
6/28/2021,70-79,69,46
6/28/2021,90+,7,7
6/28/2021,40-49,479,158
6/28/2021,50-59,320,102
6/28/2021,30-39,627,242
6/29/2021,0-19,13520,2565
6/29/2021,50-59,376,124
6/29/2021,20-29,951,236
6/29/2021,90+,7,7
6/29/2021,80-89,49,23
6/29/2021,30-39,752,265
6/29/2021,60-69,200,77
6/29/2021,70-79,99,50
6/29/2021,40-49,540,169
6/30/2021,20-29,882,246
6/30/2021,0-19,13304,2279
6/30/2021,50-59,349,130
6/30/2021,90+,7,7
6/30/2021,80-89,63,25
6/30/2021,40-49,564,159
6/30/2021,70-79,107,40
6/30/2021,30-39,783,223
6/30/2021,60-69,207,76
7/1/2021,80-89,50,19
7/1/2021,20-29,966,296
7/1/2021,70-79,91,44
7/1/2021,30-39,783,232
7/1/2021,0-19,13546,2213
7/1/2021,60-69,221,99
7/1/2021,90+,16,7
7/1/2021,50-59,390,122
7/1/2021,40-49,601,156
7/2/2021,80-89,17,7
7/2/2021,20-29,494,104
7/2/2021,0-19,8001,1006
7/2/2021,60-69,94,28
7/2/2021,30-39,468,97
7/2/2021,40-49,329,72
7/2/2021,70-79,41,16
7/2/2021,90+,7,7
7/2/2021,50-59,207,63
7/3/2021,80-89,7,0
7/3/2021,60-69,30,7
7/3/2021,20-29,176,54
7/3/2021,0-19,2053,102
7/3/2021,70-79,17,7
7/3/2021,40-49,116,28
7/3/2021,30-39,134,27
7/3/2021,50-59,60,7
7/4/2021,30-39,811,238
7/4/2021,70-79,125,57
7/4/2021,20-29,1002,244
7/4/2021,60-69,234,100
7/4/2021,40-49,633,183
7/4/2021,50-59,427,118
7/4/2021,90+,7,7
7/4/2021,80-89,62,23
7/4/2021,0-19,14312,2100
7/5/2021,50-59,462,125
7/5/2021,90+,7,7
7/5/2021,70-79,131,43
7/5/2021,40-49,694,198
7/5/2021,60-69,236,92
7/5/2021,30-39,861,239
7/5/2021,80-89,43,15
7/5/2021,20-29,1179,277
7/5/2021,0-19,13997,1865
7/6/2021,30-39,919,311
7/6/2021,70-79,143,49
7/6/2021,60-69,293,80
7/6/2021,90+,16,7
7/6/2021,80-89,58,19
7/6/2021,50-59,415,121
7/6/2021,40-49,671,212
7/6/2021,20-29,1300,354
7/6/2021,0-19,13854,2040
7/7/2021,60-69,232,87
7/7/2021,40-49,664,147
7/7/2021,20-29,1029,231
7/7/2021,70-79,109,44
7/7/2021,30-39,822,248
7/7/2021,90+,24,7
7/7/2021,50-59,377,105
7/7/2021,0-19,11923,1599
7/7/2021,80-89,64,24
7/8/2021,50-59,408,123
7/8/2021,0-19,12623,1666
7/8/2021,60-69,244,75
7/8/2021,20-29,1220,270
7/8/2021,40-49,669,192
7/8/2021,30-39,949,257
7/8/2021,70-79,143,41
7/8/2021,90+,28,7
7/8/2021,80-89,78,21
7/9/2021,20-29,727,98
7/9/2021,50-59,287,49
7/9/2021,60-69,124,51
7/9/2021,90+,7,7
7/9/2021,40-49,487,95
7/9/2021,30-39,613,124
7/9/2021,70-79,62,18
7/9/2021,80-89,42,20
7/9/2021,0-19,8623,839
7/10/2021,70-79,24,7
7/10/2021,30-39,265,44
7/10/2021,60-69,68,7
7/10/2021,40-49,226,47
7/10/2021,50-59,133,22
7/10/2021,80-89,7,0
7/10/2021,20-29,338,61
7/10/2021,0-19,3621,113
